dataset,trial,layer,mode,bit_setting,bits,metric,value
synthetic_replay,0,0,exact,exact,,logit_cosine_similarity,1.0
synthetic_replay,0,0,key_only_random,2,2.0,logit_cosine_similarity,0.9495428204536438
synthetic_replay,0,0,key_only_block_so8_static,2,2.0,logit_cosine_similarity,0.9504263401031494
synthetic_replay,0,0,key_only_block_so8_learned,2,2.0,logit_cosine_similarity,0.9594609141349792
synthetic_replay,0,0,protected_v,2,2.0,logit_cosine_similarity,0.9594609141349792
synthetic_replay,0,0,protected_v_lowrank,2,2.0,logit_cosine_similarity,0.9594609141349792
synthetic_replay,0,0,full_kv,2,2.0,logit_cosine_similarity,0.9495428204536438
synthetic_replay,0,0,key_only_random,2.5,2.5,logit_cosine_similarity,0.9744390249252319
synthetic_replay,0,0,key_only_block_so8_static,2.5,2.5,logit_cosine_similarity,0.974496066570282
synthetic_replay,0,0,key_only_block_so8_learned,2.5,2.5,logit_cosine_similarity,0.9776058197021484
synthetic_replay,0,0,protected_v,2.5,2.5,logit_cosine_similarity,0.9776058197021484
synthetic_replay,0,0,protected_v_lowrank,2.5,2.5,logit_cosine_similarity,0.9776058197021484
synthetic_replay,0,0,full_kv,2.5,2.5,logit_cosine_similarity,0.9744390249252319
synthetic_replay,0,0,key_only_random,3,3.0,logit_cosine_similarity,0.9852868318557739
synthetic_replay,0,0,key_only_block_so8_static,3,3.0,logit_cosine_similarity,0.9843403697013855
synthetic_replay,0,0,key_only_block_so8_learned,3,3.0,logit_cosine_similarity,0.9825973510742188
synthetic_replay,0,0,protected_v,3,3.0,logit_cosine_similarity,0.9825973510742188
synthetic_replay,0,0,protected_v_lowrank,3,3.0,logit_cosine_similarity,0.9825973510742188
synthetic_replay,0,0,full_kv,3,3.0,logit_cosine_similarity,0.9852868318557739
synthetic_replay,0,0,key_only_random,3.5,3.5,logit_cosine_similarity,0.9897123575210571
synthetic_replay,0,0,key_only_block_so8_static,3.5,3.5,logit_cosine_similarity,0.989556610584259
synthetic_replay,0,0,key_only_block_so8_learned,3.5,3.5,logit_cosine_similarity,0.9886865615844727
synthetic_replay,0,0,protected_v,3.5,3.5,logit_cosine_similarity,0.9886865615844727
synthetic_replay,0,0,protected_v_lowrank,3.5,3.5,logit_cosine_similarity,0.9886865615844727
synthetic_replay,0,0,full_kv,3.5,3.5,logit_cosine_similarity,0.9897123575210571
synthetic_replay,0,0,key_only_random,4,4.0,logit_cosine_similarity,0.9960640072822571
synthetic_replay,0,0,key_only_block_so8_static,4,4.0,logit_cosine_similarity,0.9954398274421692
synthetic_replay,0,0,key_only_block_so8_learned,4,4.0,logit_cosine_similarity,0.9951032400131226
synthetic_replay,0,0,protected_v,4,4.0,logit_cosine_similarity,0.9951032400131226
synthetic_replay,0,0,protected_v_lowrank,4,4.0,logit_cosine_similarity,0.9951032400131226
synthetic_replay,0,0,full_kv,4,4.0,logit_cosine_similarity,0.9960640072822571
synthetic_replay,1,0,exact,exact,,logit_cosine_similarity,1.0
synthetic_replay,1,0,key_only_random,2,2.0,logit_cosine_similarity,0.9495540261268616
synthetic_replay,1,0,key_only_block_so8_static,2,2.0,logit_cosine_similarity,0.9504697322845459
synthetic_replay,1,0,key_only_block_so8_learned,2,2.0,logit_cosine_similarity,0.9515963196754456
synthetic_replay,1,0,protected_v,2,2.0,logit_cosine_similarity,0.9515963196754456
synthetic_replay,1,0,protected_v_lowrank,2,2.0,logit_cosine_similarity,0.9515963196754456
synthetic_replay,1,0,full_kv,2,2.0,logit_cosine_similarity,0.9495540261268616
synthetic_replay,1,0,key_only_random,2.5,2.5,logit_cosine_similarity,0.9704911708831787
synthetic_replay,1,0,key_only_block_so8_static,2.5,2.5,logit_cosine_similarity,0.975058376789093
synthetic_replay,1,0,key_only_block_so8_learned,2.5,2.5,logit_cosine_similarity,0.9761373400688171
synthetic_replay,1,0,protected_v,2.5,2.5,logit_cosine_similarity,0.9761373400688171
synthetic_replay,1,0,protected_v_lowrank,2.5,2.5,logit_cosine_similarity,0.9761373400688171
synthetic_replay,1,0,full_kv,2.5,2.5,logit_cosine_similarity,0.9704911708831787
synthetic_replay,1,0,key_only_random,3,3.0,logit_cosine_similarity,0.9821498394012451
synthetic_replay,1,0,key_only_block_so8_static,3,3.0,logit_cosine_similarity,0.9829909205436707
synthetic_replay,1,0,key_only_block_so8_learned,3,3.0,logit_cosine_similarity,0.9816766977310181
synthetic_replay,1,0,protected_v,3,3.0,logit_cosine_similarity,0.9816766977310181
synthetic_replay,1,0,protected_v_lowrank,3,3.0,logit_cosine_similarity,0.9816766977310181
synthetic_replay,1,0,full_kv,3,3.0,logit_cosine_similarity,0.9821498394012451
synthetic_replay,1,0,key_only_random,3.5,3.5,logit_cosine_similarity,0.989575207233429
synthetic_replay,1,0,key_only_block_so8_static,3.5,3.5,logit_cosine_similarity,0.9862664341926575
synthetic_replay,1,0,key_only_block_so8_learned,3.5,3.5,logit_cosine_similarity,0.9875703454017639
synthetic_replay,1,0,protected_v,3.5,3.5,logit_cosine_similarity,0.9875703454017639
synthetic_replay,1,0,protected_v_lowrank,3.5,3.5,logit_cosine_similarity,0.9875703454017639
synthetic_replay,1,0,full_kv,3.5,3.5,logit_cosine_similarity,0.989575207233429
synthetic_replay,1,0,key_only_random,4,4.0,logit_cosine_similarity,0.995402991771698
synthetic_replay,1,0,key_only_block_so8_static,4,4.0,logit_cosine_similarity,0.9946922063827515
synthetic_replay,1,0,key_only_block_so8_learned,4,4.0,logit_cosine_similarity,0.9954593777656555
synthetic_replay,1,0,protected_v,4,4.0,logit_cosine_similarity,0.9954593777656555
synthetic_replay,1,0,protected_v_lowrank,4,4.0,logit_cosine_similarity,0.9954593777656555
synthetic_replay,1,0,full_kv,4,4.0,logit_cosine_similarity,0.995402991771698
synthetic_replay,0,0,exact,exact,,logit_mae,0.0
synthetic_replay,0,0,key_only_random,2,2.0,logit_mae,6.742995738983154
synthetic_replay,0,0,key_only_block_so8_static,2,2.0,logit_mae,6.791834354400635
synthetic_replay,0,0,key_only_block_so8_learned,2,2.0,logit_mae,5.889800548553467
synthetic_replay,0,0,protected_v,2,2.0,logit_mae,5.889800548553467
synthetic_replay,0,0,protected_v_lowrank,2,2.0,logit_mae,5.889800548553467
synthetic_replay,0,0,full_kv,2,2.0,logit_mae,6.742995738983154
synthetic_replay,0,0,key_only_random,2.5,2.5,logit_mae,4.580500602722168
synthetic_replay,0,0,key_only_block_so8_static,2.5,2.5,logit_mae,4.732921123504639
synthetic_replay,0,0,key_only_block_so8_learned,2.5,2.5,logit_mae,4.3901238441467285
synthetic_replay,0,0,protected_v,2.5,2.5,logit_mae,4.3901238441467285
synthetic_replay,0,0,protected_v_lowrank,2.5,2.5,logit_mae,4.3901238441467285
synthetic_replay,0,0,full_kv,2.5,2.5,logit_mae,4.580500602722168
synthetic_replay,0,0,key_only_random,3,3.0,logit_mae,3.5125813484191895
synthetic_replay,0,0,key_only_block_so8_static,3,3.0,logit_mae,3.66512131690979
synthetic_replay,0,0,key_only_block_so8_learned,3,3.0,logit_mae,3.8067853450775146
synthetic_replay,0,0,protected_v,3,3.0,logit_mae,3.8067853450775146
synthetic_replay,0,0,protected_v_lowrank,3,3.0,logit_mae,3.8067853450775146
synthetic_replay,0,0,full_kv,3,3.0,logit_mae,3.5125813484191895
synthetic_replay,0,0,key_only_random,3.5,3.5,logit_mae,3.045903444290161
synthetic_replay,0,0,key_only_block_so8_static,3.5,3.5,logit_mae,3.079110622406006
synthetic_replay,0,0,key_only_block_so8_learned,3.5,3.5,logit_mae,3.086848735809326
synthetic_replay,0,0,protected_v,3.5,3.5,logit_mae,3.086848735809326
synthetic_replay,0,0,protected_v_lowrank,3.5,3.5,logit_mae,3.086848735809326
synthetic_replay,0,0,full_kv,3.5,3.5,logit_mae,3.045903444290161
synthetic_replay,0,0,key_only_random,4,4.0,logit_mae,1.8594787120819092
synthetic_replay,0,0,key_only_block_so8_static,4,4.0,logit_mae,1.97017502784729
synthetic_replay,0,0,key_only_block_so8_learned,4,4.0,logit_mae,2.0654900074005127
synthetic_replay,0,0,protected_v,4,4.0,logit_mae,2.0654900074005127
synthetic_replay,0,0,protected_v_lowrank,4,4.0,logit_mae,2.0654900074005127
synthetic_replay,0,0,full_kv,4,4.0,logit_mae,1.8594787120819092
synthetic_replay,1,0,exact,exact,,logit_mae,0.0
synthetic_replay,1,0,key_only_random,2,2.0,logit_mae,6.921707630157471
synthetic_replay,1,0,key_only_block_so8_static,2,2.0,logit_mae,6.870081901550293
synthetic_replay,1,0,key_only_block_so8_learned,2,2.0,logit_mae,6.7751617431640625
synthetic_replay,1,0,protected_v,2,2.0,logit_mae,6.7751617431640625
synthetic_replay,1,0,protected_v_lowrank,2,2.0,logit_mae,6.7751617431640625
synthetic_replay,1,0,full_kv,2,2.0,logit_mae,6.921707630157471
synthetic_replay,1,0,key_only_random,2.5,2.5,logit_mae,5.057701587677002
synthetic_replay,1,0,key_only_block_so8_static,2.5,2.5,logit_mae,4.699097156524658
synthetic_replay,1,0,key_only_block_so8_learned,2.5,2.5,logit_mae,4.591561794281006
synthetic_replay,1,0,protected_v,2.5,2.5,logit_mae,4.591561794281006
synthetic_replay,1,0,protected_v_lowrank,2.5,2.5,logit_mae,4.591561794281006
synthetic_replay,1,0,full_kv,2.5,2.5,logit_mae,5.057701587677002
synthetic_replay,1,0,key_only_random,3,3.0,logit_mae,4.008106231689453
synthetic_replay,1,0,key_only_block_so8_static,3,3.0,logit_mae,3.8835108280181885
synthetic_replay,1,0,key_only_block_so8_learned,3,3.0,logit_mae,3.9813928604125977
synthetic_replay,1,0,protected_v,3,3.0,logit_mae,3.9813928604125977
synthetic_replay,1,0,protected_v_lowrank,3,3.0,logit_mae,3.9813928604125977
synthetic_replay,1,0,full_kv,3,3.0,logit_mae,4.008106231689453
synthetic_replay,1,0,key_only_random,3.5,3.5,logit_mae,3.0855867862701416
synthetic_replay,1,0,key_only_block_so8_static,3.5,3.5,logit_mae,3.436022996902466
synthetic_replay,1,0,key_only_block_so8_learned,3.5,3.5,logit_mae,3.284109354019165
synthetic_replay,1,0,protected_v,3.5,3.5,logit_mae,3.284109354019165
synthetic_replay,1,0,protected_v_lowrank,3.5,3.5,logit_mae,3.284109354019165
synthetic_replay,1,0,full_kv,3.5,3.5,logit_mae,3.0855867862701416
synthetic_replay,1,0,key_only_random,4,4.0,logit_mae,1.9839187860488892
synthetic_replay,1,0,key_only_block_so8_static,4,4.0,logit_mae,2.0879104137420654
synthetic_replay,1,0,key_only_block_so8_learned,4,4.0,logit_mae,2.0476064682006836
synthetic_replay,1,0,protected_v,4,4.0,logit_mae,2.0476064682006836
synthetic_replay,1,0,protected_v_lowrank,4,4.0,logit_mae,2.0476064682006836
synthetic_replay,1,0,full_kv,4,4.0,logit_mae,1.9839187860488892
synthetic_replay,0,0,exact,exact,,logit_mse,0.0
synthetic_replay,0,0,key_only_random,2,2.0,logit_mse,72.2609634399414
synthetic_replay,0,0,key_only_block_so8_static,2,2.0,logit_mse,70.1807861328125
synthetic_replay,0,0,key_only_block_so8_learned,2,2.0,logit_mse,55.49306106567383
synthetic_replay,0,0,protected_v,2,2.0,logit_mse,55.49306106567383
synthetic_replay,0,0,protected_v_lowrank,2,2.0,logit_mse,55.49306106567383
synthetic_replay,0,0,full_kv,2,2.0,logit_mse,72.2609634399414
synthetic_replay,0,0,key_only_random,2.5,2.5,logit_mse,35.89558410644531
synthetic_replay,0,0,key_only_block_so8_static,2.5,2.5,logit_mse,36.6650276184082
synthetic_replay,0,0,key_only_block_so8_learned,2.5,2.5,logit_mse,30.77776527404785
synthetic_replay,0,0,protected_v,2.5,2.5,logit_mse,30.77776527404785
synthetic_replay,0,0,protected_v_lowrank,2.5,2.5,logit_mse,30.77776527404785
synthetic_replay,0,0,full_kv,2.5,2.5,logit_mse,35.89558410644531
synthetic_replay,0,0,key_only_random,3,3.0,logit_mse,20.1205997467041
synthetic_replay,0,0,key_only_block_so8_static,3,3.0,logit_mse,21.48090362548828
synthetic_replay,0,0,key_only_block_so8_learned,3,3.0,logit_mse,23.725709915161133
synthetic_replay,0,0,protected_v,3,3.0,logit_mse,23.725709915161133
synthetic_replay,0,0,protected_v_lowrank,3,3.0,logit_mse,23.725709915161133
synthetic_replay,0,0,full_kv,3,3.0,logit_mse,20.1205997467041
synthetic_replay,0,0,key_only_random,3.5,3.5,logit_mse,14.545999526977539
synthetic_replay,0,0,key_only_block_so8_static,3.5,3.5,logit_mse,14.500348091125488
synthetic_replay,0,0,key_only_block_so8_learned,3.5,3.5,logit_mse,15.433115005493164
synthetic_replay,0,0,protected_v,3.5,3.5,logit_mse,15.433115005493164
synthetic_replay,0,0,protected_v_lowrank,3.5,3.5,logit_mse,15.433115005493164
synthetic_replay,0,0,full_kv,3.5,3.5,logit_mse,14.545999526977539
synthetic_replay,0,0,key_only_random,4,4.0,logit_mse,5.4457197189331055
synthetic_replay,0,0,key_only_block_so8_static,4,4.0,logit_mse,6.232458114624023
synthetic_replay,0,0,key_only_block_so8_learned,4,4.0,logit_mse,6.697124004364014
synthetic_replay,0,0,protected_v,4,4.0,logit_mse,6.697124004364014
synthetic_replay,0,0,protected_v_lowrank,4,4.0,logit_mse,6.697124004364014
synthetic_replay,0,0,full_kv,4,4.0,logit_mse,5.4457197189331055
synthetic_replay,1,0,exact,exact,,logit_mse,0.0
synthetic_replay,1,0,key_only_random,2,2.0,logit_mse,71.41353607177734
synthetic_replay,1,0,key_only_block_so8_static,2,2.0,logit_mse,75.98677062988281
synthetic_replay,1,0,key_only_block_so8_learned,2,2.0,logit_mse,71.81558990478516
synthetic_replay,1,0,protected_v,2,2.0,logit_mse,71.81558990478516
synthetic_replay,1,0,protected_v_lowrank,2,2.0,logit_mse,71.81558990478516
synthetic_replay,1,0,full_kv,2,2.0,logit_mse,71.41353607177734
synthetic_replay,1,0,key_only_random,2.5,2.5,logit_mse,40.6625862121582
synthetic_replay,1,0,key_only_block_so8_static,2.5,2.5,logit_mse,35.94702911376953
synthetic_replay,1,0,key_only_block_so8_learned,2.5,2.5,logit_mse,35.7547492980957
synthetic_replay,1,0,protected_v,2.5,2.5,logit_mse,35.7547492980957
synthetic_replay,1,0,protected_v_lowrank,2.5,2.5,logit_mse,35.7547492980957
synthetic_replay,1,0,full_kv,2.5,2.5,logit_mse,40.6625862121582
synthetic_replay,1,0,key_only_random,3,3.0,logit_mse,25.311813354492188
synthetic_replay,1,0,key_only_block_so8_static,3,3.0,logit_mse,24.205322265625
synthetic_replay,1,0,key_only_block_so8_learned,3,3.0,logit_mse,25.952482223510742
synthetic_replay,1,0,protected_v,3,3.0,logit_mse,25.952482223510742
synthetic_replay,1,0,protected_v_lowrank,3,3.0,logit_mse,25.952482223510742
synthetic_replay,1,0,full_kv,3,3.0,logit_mse,25.311813354492188
synthetic_replay,1,0,key_only_random,3.5,3.5,logit_mse,14.585485458374023
synthetic_replay,1,0,key_only_block_so8_static,3.5,3.5,logit_mse,19.00921630859375
synthetic_replay,1,0,key_only_block_so8_learned,3.5,3.5,logit_mse,17.60561180114746
synthetic_replay,1,0,protected_v,3.5,3.5,logit_mse,17.60561180114746
synthetic_replay,1,0,protected_v_lowrank,3.5,3.5,logit_mse,17.60561180114746
synthetic_replay,1,0,full_kv,3.5,3.5,logit_mse,14.585485458374023
synthetic_replay,1,0,key_only_random,4,4.0,logit_mse,6.322727680206299
synthetic_replay,1,0,key_only_block_so8_static,4,4.0,logit_mse,7.29179048538208
synthetic_replay,1,0,key_only_block_so8_learned,4,4.0,logit_mse,6.367196559906006
synthetic_replay,1,0,protected_v,4,4.0,logit_mse,6.367196559906006
synthetic_replay,1,0,protected_v_lowrank,4,4.0,logit_mse,6.367196559906006
synthetic_replay,1,0,full_kv,4,4.0,logit_mse,6.322727680206299
synthetic_replay,0,0,exact,exact,,logit_spearman,1.0
synthetic_replay,0,0,key_only_random,2,2.0,logit_spearman,0.9561852216720581
synthetic_replay,0,0,key_only_block_so8_static,2,2.0,logit_spearman,0.9504848122596741
synthetic_replay,0,0,key_only_block_so8_learned,2,2.0,logit_spearman,0.9596053957939148
synthetic_replay,0,0,protected_v,2,2.0,logit_spearman,0.9596053957939148
synthetic_replay,0,0,protected_v_lowrank,2,2.0,logit_spearman,0.9596053957939148
synthetic_replay,0,0,full_kv,2,2.0,logit_spearman,0.9561852216720581
synthetic_replay,0,0,key_only_random,2.5,2.5,logit_spearman,0.976670503616333
synthetic_replay,0,0,key_only_block_so8_static,2.5,2.5,logit_spearman,0.9721941947937012
synthetic_replay,0,0,key_only_block_so8_learned,2.5,2.5,logit_spearman,0.9714141488075256
synthetic_replay,0,0,protected_v,2.5,2.5,logit_spearman,0.9714141488075256
synthetic_replay,0,0,protected_v_lowrank,2.5,2.5,logit_spearman,0.9714141488075256
synthetic_replay,0,0,full_kv,2.5,2.5,logit_spearman,0.976670503616333
synthetic_replay,0,0,key_only_random,3,3.0,logit_spearman,0.9817588329315186
synthetic_replay,0,0,key_only_block_so8_static,3,3.0,logit_spearman,0.9813988208770752
synthetic_replay,0,0,key_only_block_so8_learned,3,3.0,logit_spearman,0.9776425957679749
synthetic_replay,0,0,protected_v,3,3.0,logit_spearman,0.9776425957679749
synthetic_replay,0,0,protected_v_lowrank,3,3.0,logit_spearman,0.9776425957679749
synthetic_replay,0,0,full_kv,3,3.0,logit_spearman,0.9817588329315186
synthetic_replay,0,0,key_only_random,3.5,3.5,logit_spearman,0.9874832034111023
synthetic_replay,0,0,key_only_block_so8_static,3.5,3.5,logit_spearman,0.9850110411643982
synthetic_replay,0,0,key_only_block_so8_learned,3.5,3.5,logit_spearman,0.9852750301361084
synthetic_replay,0,0,protected_v,3.5,3.5,logit_spearman,0.9852750301361084
synthetic_replay,0,0,protected_v_lowrank,3.5,3.5,logit_spearman,0.9852750301361084
synthetic_replay,0,0,full_kv,3.5,3.5,logit_spearman,0.9874832034111023
synthetic_replay,0,0,key_only_random,4,4.0,logit_spearman,0.9934355616569519
synthetic_replay,0,0,key_only_block_so8_static,4,4.0,logit_spearman,0.9936035871505737
synthetic_replay,0,0,key_only_block_so8_learned,4,4.0,logit_spearman,0.9921035170555115
synthetic_replay,0,0,protected_v,4,4.0,logit_spearman,0.9921035170555115
synthetic_replay,0,0,protected_v_lowrank,4,4.0,logit_spearman,0.9921035170555115
synthetic_replay,0,0,full_kv,4,4.0,logit_spearman,0.9934355616569519
synthetic_replay,1,0,exact,exact,,logit_spearman,1.0
synthetic_replay,1,0,key_only_random,2,2.0,logit_spearman,0.9421682953834534
synthetic_replay,1,0,key_only_block_so8_static,2,2.0,logit_spearman,0.9466325640678406
synthetic_replay,1,0,key_only_block_so8_learned,2,2.0,logit_spearman,0.9467645883560181
synthetic_replay,1,0,protected_v,2,2.0,logit_spearman,0.9467645883560181
synthetic_replay,1,0,protected_v_lowrank,2,2.0,logit_spearman,0.9467645883560181
synthetic_replay,1,0,full_kv,2,2.0,logit_spearman,0.9421682953834534
synthetic_replay,1,0,key_only_random,2.5,2.5,logit_spearman,0.962761640548706
synthetic_replay,1,0,key_only_block_so8_static,2.5,2.5,logit_spearman,0.9670578837394714
synthetic_replay,1,0,key_only_block_so8_learned,2.5,2.5,logit_spearman,0.967837929725647
synthetic_replay,1,0,protected_v,2.5,2.5,logit_spearman,0.967837929725647
synthetic_replay,1,0,protected_v_lowrank,2.5,2.5,logit_spearman,0.967837929725647
synthetic_replay,1,0,full_kv,2.5,2.5,logit_spearman,0.962761640548706
synthetic_replay,1,0,key_only_random,3,3.0,logit_spearman,0.9760704636573792
synthetic_replay,1,0,key_only_block_so8_static,3,3.0,logit_spearman,0.9774145483970642
synthetic_replay,1,0,key_only_block_so8_learned,3,3.0,logit_spearman,0.976130485534668
synthetic_replay,1,0,protected_v,3,3.0,logit_spearman,0.976130485534668
synthetic_replay,1,0,protected_v_lowrank,3,3.0,logit_spearman,0.976130485534668
synthetic_replay,1,0,full_kv,3,3.0,logit_spearman,0.9760704636573792
synthetic_replay,1,0,key_only_random,3.5,3.5,logit_spearman,0.9840389490127563
synthetic_replay,1,0,key_only_block_so8_static,3.5,3.5,logit_spearman,0.9783506393432617
synthetic_replay,1,0,key_only_block_so8_learned,3.5,3.5,logit_spearman,0.9816388487815857
synthetic_replay,1,0,protected_v,3.5,3.5,logit_spearman,0.9816388487815857
synthetic_replay,1,0,protected_v_lowrank,3.5,3.5,logit_spearman,0.9816388487815857
synthetic_replay,1,0,full_kv,3.5,3.5,logit_spearman,0.9840389490127563
synthetic_replay,1,0,key_only_random,4,4.0,logit_spearman,0.98948734998703
synthetic_replay,1,0,key_only_block_so8_static,4,4.0,logit_spearman,0.9886592626571655
synthetic_replay,1,0,key_only_block_so8_learned,4,4.0,logit_spearman,0.9912874698638916
synthetic_replay,1,0,protected_v,4,4.0,logit_spearman,0.9912874698638916
synthetic_replay,1,0,protected_v_lowrank,4,4.0,logit_spearman,0.9912874698638916
synthetic_replay,1,0,full_kv,4,4.0,logit_spearman,0.98948734998703
synthetic_replay,0,0,exact,exact,,logit_top1_match,1.0
synthetic_replay,0,0,key_only_random,2,2.0,logit_top1_match,1.0
synthetic_replay,0,0,key_only_block_so8_static,2,2.0,logit_top1_match,1.0
synthetic_replay,0,0,key_only_block_so8_learned,2,2.0,logit_top1_match,1.0
synthetic_replay,0,0,protected_v,2,2.0,logit_top1_match,1.0
synthetic_replay,0,0,protected_v_lowrank,2,2.0,logit_top1_match,1.0
synthetic_replay,0,0,full_kv,2,2.0,logit_top1_match,1.0
synthetic_replay,0,0,key_only_random,2.5,2.5,logit_top1_match,1.0
synthetic_replay,0,0,key_only_block_so8_static,2.5,2.5,logit_top1_match,1.0
synthetic_replay,0,0,key_only_block_so8_learned,2.5,2.5,logit_top1_match,1.0
synthetic_replay,0,0,protected_v,2.5,2.5,logit_top1_match,1.0
synthetic_replay,0,0,protected_v_lowrank,2.5,2.5,logit_top1_match,1.0
synthetic_replay,0,0,full_kv,2.5,2.5,logit_top1_match,1.0
synthetic_replay,0,0,key_only_random,3,3.0,logit_top1_match,1.0
synthetic_replay,0,0,key_only_block_so8_static,3,3.0,logit_top1_match,1.0
synthetic_replay,0,0,key_only_block_so8_learned,3,3.0,logit_top1_match,1.0
synthetic_replay,0,0,protected_v,3,3.0,logit_top1_match,1.0
synthetic_replay,0,0,protected_v_lowrank,3,3.0,logit_top1_match,1.0
synthetic_replay,0,0,full_kv,3,3.0,logit_top1_match,1.0
synthetic_replay,0,0,key_only_random,3.5,3.5,logit_top1_match,1.0
synthetic_replay,0,0,key_only_block_so8_static,3.5,3.5,logit_top1_match,1.0
synthetic_replay,0,0,key_only_block_so8_learned,3.5,3.5,logit_top1_match,1.0
synthetic_replay,0,0,protected_v,3.5,3.5,logit_top1_match,1.0
synthetic_replay,0,0,protected_v_lowrank,3.5,3.5,logit_top1_match,1.0
synthetic_replay,0,0,full_kv,3.5,3.5,logit_top1_match,1.0
synthetic_replay,0,0,key_only_random,4,4.0,logit_top1_match,1.0
synthetic_replay,0,0,key_only_block_so8_static,4,4.0,logit_top1_match,1.0
synthetic_replay,0,0,key_only_block_so8_learned,4,4.0,logit_top1_match,1.0
synthetic_replay,0,0,protected_v,4,4.0,logit_top1_match,1.0
synthetic_replay,0,0,protected_v_lowrank,4,4.0,logit_top1_match,1.0
synthetic_replay,0,0,full_kv,4,4.0,logit_top1_match,1.0
synthetic_replay,1,0,exact,exact,,logit_top1_match,1.0
synthetic_replay,1,0,key_only_random,2,2.0,logit_top1_match,1.0
synthetic_replay,1,0,key_only_block_so8_static,2,2.0,logit_top1_match,1.0
synthetic_replay,1,0,key_only_block_so8_learned,2,2.0,logit_top1_match,1.0
synthetic_replay,1,0,protected_v,2,2.0,logit_top1_match,1.0
synthetic_replay,1,0,protected_v_lowrank,2,2.0,logit_top1_match,1.0
synthetic_replay,1,0,full_kv,2,2.0,logit_top1_match,1.0
synthetic_replay,1,0,key_only_random,2.5,2.5,logit_top1_match,1.0
synthetic_replay,1,0,key_only_block_so8_static,2.5,2.5,logit_top1_match,1.0
synthetic_replay,1,0,key_only_block_so8_learned,2.5,2.5,logit_top1_match,1.0
synthetic_replay,1,0,protected_v,2.5,2.5,logit_top1_match,1.0
synthetic_replay,1,0,protected_v_lowrank,2.5,2.5,logit_top1_match,1.0
synthetic_replay,1,0,full_kv,2.5,2.5,logit_top1_match,1.0
synthetic_replay,1,0,key_only_random,3,3.0,logit_top1_match,1.0
synthetic_replay,1,0,key_only_block_so8_static,3,3.0,logit_top1_match,1.0
synthetic_replay,1,0,key_only_block_so8_learned,3,3.0,logit_top1_match,1.0
synthetic_replay,1,0,protected_v,3,3.0,logit_top1_match,1.0
synthetic_replay,1,0,protected_v_lowrank,3,3.0,logit_top1_match,1.0
synthetic_replay,1,0,full_kv,3,3.0,logit_top1_match,1.0
synthetic_replay,1,0,key_only_random,3.5,3.5,logit_top1_match,1.0
synthetic_replay,1,0,key_only_block_so8_static,3.5,3.5,logit_top1_match,1.0
synthetic_replay,1,0,key_only_block_so8_learned,3.5,3.5,logit_top1_match,1.0
synthetic_replay,1,0,protected_v,3.5,3.5,logit_top1_match,1.0
synthetic_replay,1,0,protected_v_lowrank,3.5,3.5,logit_top1_match,1.0
synthetic_replay,1,0,full_kv,3.5,3.5,logit_top1_match,1.0
synthetic_replay,1,0,key_only_random,4,4.0,logit_top1_match,1.0
synthetic_replay,1,0,key_only_block_so8_static,4,4.0,logit_top1_match,1.0
synthetic_replay,1,0,key_only_block_so8_learned,4,4.0,logit_top1_match,1.0
synthetic_replay,1,0,protected_v,4,4.0,logit_top1_match,1.0
synthetic_replay,1,0,protected_v_lowrank,4,4.0,logit_top1_match,1.0
synthetic_replay,1,0,full_kv,4,4.0,logit_top1_match,1.0
synthetic_replay,0,0,exact,exact,,logit_top5_match,1.0
synthetic_replay,0,0,key_only_random,2,2.0,logit_top5_match,1.0
synthetic_replay,0,0,key_only_block_so8_static,2,2.0,logit_top5_match,1.0
synthetic_replay,0,0,key_only_block_so8_learned,2,2.0,logit_top5_match,1.0
synthetic_replay,0,0,protected_v,2,2.0,logit_top5_match,1.0
synthetic_replay,0,0,protected_v_lowrank,2,2.0,logit_top5_match,1.0
synthetic_replay,0,0,full_kv,2,2.0,logit_top5_match,1.0
synthetic_replay,0,0,key_only_random,2.5,2.5,logit_top5_match,1.0
synthetic_replay,0,0,key_only_block_so8_static,2.5,2.5,logit_top5_match,1.0
synthetic_replay,0,0,key_only_block_so8_learned,2.5,2.5,logit_top5_match,1.0
synthetic_replay,0,0,protected_v,2.5,2.5,logit_top5_match,1.0
synthetic_replay,0,0,protected_v_lowrank,2.5,2.5,logit_top5_match,1.0
synthetic_replay,0,0,full_kv,2.5,2.5,logit_top5_match,1.0
synthetic_replay,0,0,key_only_random,3,3.0,logit_top5_match,1.0
synthetic_replay,0,0,key_only_block_so8_static,3,3.0,logit_top5_match,1.0
synthetic_replay,0,0,key_only_block_so8_learned,3,3.0,logit_top5_match,1.0
synthetic_replay,0,0,protected_v,3,3.0,logit_top5_match,1.0
synthetic_replay,0,0,protected_v_lowrank,3,3.0,logit_top5_match,1.0
synthetic_replay,0,0,full_kv,3,3.0,logit_top5_match,1.0
synthetic_replay,0,0,key_only_random,3.5,3.5,logit_top5_match,1.0
synthetic_replay,0,0,key_only_block_so8_static,3.5,3.5,logit_top5_match,1.0
synthetic_replay,0,0,key_only_block_so8_learned,3.5,3.5,logit_top5_match,1.0
synthetic_replay,0,0,protected_v,3.5,3.5,logit_top5_match,1.0
synthetic_replay,0,0,protected_v_lowrank,3.5,3.5,logit_top5_match,1.0
synthetic_replay,0,0,full_kv,3.5,3.5,logit_top5_match,1.0
synthetic_replay,0,0,key_only_random,4,4.0,logit_top5_match,1.0
synthetic_replay,0,0,key_only_block_so8_static,4,4.0,logit_top5_match,1.0
synthetic_replay,0,0,key_only_block_so8_learned,4,4.0,logit_top5_match,1.0
synthetic_replay,0,0,protected_v,4,4.0,logit_top5_match,1.0
synthetic_replay,0,0,protected_v_lowrank,4,4.0,logit_top5_match,1.0
synthetic_replay,0,0,full_kv,4,4.0,logit_top5_match,1.0
synthetic_replay,1,0,exact,exact,,logit_top5_match,1.0
synthetic_replay,1,0,key_only_random,2,2.0,logit_top5_match,1.0
synthetic_replay,1,0,key_only_block_so8_static,2,2.0,logit_top5_match,1.0
synthetic_replay,1,0,key_only_block_so8_learned,2,2.0,logit_top5_match,1.0
synthetic_replay,1,0,protected_v,2,2.0,logit_top5_match,1.0
synthetic_replay,1,0,protected_v_lowrank,2,2.0,logit_top5_match,1.0
synthetic_replay,1,0,full_kv,2,2.0,logit_top5_match,1.0
synthetic_replay,1,0,key_only_random,2.5,2.5,logit_top5_match,1.0
synthetic_replay,1,0,key_only_block_so8_static,2.5,2.5,logit_top5_match,1.0
synthetic_replay,1,0,key_only_block_so8_learned,2.5,2.5,logit_top5_match,1.0
synthetic_replay,1,0,protected_v,2.5,2.5,logit_top5_match,1.0
synthetic_replay,1,0,protected_v_lowrank,2.5,2.5,logit_top5_match,1.0
synthetic_replay,1,0,full_kv,2.5,2.5,logit_top5_match,1.0
synthetic_replay,1,0,key_only_random,3,3.0,logit_top5_match,1.0
synthetic_replay,1,0,key_only_block_so8_static,3,3.0,logit_top5_match,1.0
synthetic_replay,1,0,key_only_block_so8_learned,3,3.0,logit_top5_match,1.0
synthetic_replay,1,0,protected_v,3,3.0,logit_top5_match,1.0
synthetic_replay,1,0,protected_v_lowrank,3,3.0,logit_top5_match,1.0
synthetic_replay,1,0,full_kv,3,3.0,logit_top5_match,1.0
synthetic_replay,1,0,key_only_random,3.5,3.5,logit_top5_match,1.0
synthetic_replay,1,0,key_only_block_so8_static,3.5,3.5,logit_top5_match,1.0
synthetic_replay,1,0,key_only_block_so8_learned,3.5,3.5,logit_top5_match,1.0
synthetic_replay,1,0,protected_v,3.5,3.5,logit_top5_match,1.0
synthetic_replay,1,0,protected_v_lowrank,3.5,3.5,logit_top5_match,1.0
synthetic_replay,1,0,full_kv,3.5,3.5,logit_top5_match,1.0
synthetic_replay,1,0,key_only_random,4,4.0,logit_top5_match,1.0
synthetic_replay,1,0,key_only_block_so8_static,4,4.0,logit_top5_match,1.0
synthetic_replay,1,0,key_only_block_so8_learned,4,4.0,logit_top5_match,1.0
synthetic_replay,1,0,protected_v,4,4.0,logit_top5_match,1.0
synthetic_replay,1,0,protected_v_lowrank,4,4.0,logit_top5_match,1.0
synthetic_replay,1,0,full_kv,4,4.0,logit_top5_match,1.0
synthetic_replay,0,0,exact,exact,,logit_top5_overlap,1.0
synthetic_replay,0,0,key_only_random,2,2.0,logit_top5_overlap,0.675000011920929
synthetic_replay,0,0,key_only_block_so8_static,2,2.0,logit_top5_overlap,0.675000011920929
synthetic_replay,0,0,key_only_block_so8_learned,2,2.0,logit_top5_overlap,0.625
synthetic_replay,0,0,protected_v,2,2.0,logit_top5_overlap,0.625
synthetic_replay,0,0,protected_v_lowrank,2,2.0,logit_top5_overlap,0.625
synthetic_replay,0,0,full_kv,2,2.0,logit_top5_overlap,0.675000011920929
synthetic_replay,0,0,key_only_random,2.5,2.5,logit_top5_overlap,0.800000011920929
synthetic_replay,0,0,key_only_block_so8_static,2.5,2.5,logit_top5_overlap,0.675000011920929
synthetic_replay,0,0,key_only_block_so8_learned,2.5,2.5,logit_top5_overlap,0.7750000953674316
synthetic_replay,0,0,protected_v,2.5,2.5,logit_top5_overlap,0.7750000953674316
synthetic_replay,0,0,protected_v_lowrank,2.5,2.5,logit_top5_overlap,0.7750000953674316
synthetic_replay,0,0,full_kv,2.5,2.5,logit_top5_overlap,0.800000011920929
synthetic_replay,0,0,key_only_random,3,3.0,logit_top5_overlap,0.8250000476837158
synthetic_replay,0,0,key_only_block_so8_static,3,3.0,logit_top5_overlap,0.824999988079071
synthetic_replay,0,0,key_only_block_so8_learned,3,3.0,logit_top5_overlap,0.8500000238418579
synthetic_replay,0,0,protected_v,3,3.0,logit_top5_overlap,0.8500000238418579
synthetic_replay,0,0,protected_v_lowrank,3,3.0,logit_top5_overlap,0.8500000238418579
synthetic_replay,0,0,full_kv,3,3.0,logit_top5_overlap,0.8250000476837158
synthetic_replay,0,0,key_only_random,3.5,3.5,logit_top5_overlap,0.8500000238418579
synthetic_replay,0,0,key_only_block_so8_static,3.5,3.5,logit_top5_overlap,0.8500000238418579
synthetic_replay,0,0,key_only_block_so8_learned,3.5,3.5,logit_top5_overlap,0.7749999761581421
synthetic_replay,0,0,protected_v,3.5,3.5,logit_top5_overlap,0.7749999761581421
synthetic_replay,0,0,protected_v_lowrank,3.5,3.5,logit_top5_overlap,0.7749999761581421
synthetic_replay,0,0,full_kv,3.5,3.5,logit_top5_overlap,0.8500000238418579
synthetic_replay,0,0,key_only_random,4,4.0,logit_top5_overlap,0.8750000596046448
synthetic_replay,0,0,key_only_block_so8_static,4,4.0,logit_top5_overlap,0.8500000238418579
synthetic_replay,0,0,key_only_block_so8_learned,4,4.0,logit_top5_overlap,0.8250000476837158
synthetic_replay,0,0,protected_v,4,4.0,logit_top5_overlap,0.8250000476837158
synthetic_replay,0,0,protected_v_lowrank,4,4.0,logit_top5_overlap,0.8250000476837158
synthetic_replay,0,0,full_kv,4,4.0,logit_top5_overlap,0.8750000596046448
synthetic_replay,1,0,exact,exact,,logit_top5_overlap,1.0
synthetic_replay,1,0,key_only_random,2,2.0,logit_top5_overlap,0.7000000476837158
synthetic_replay,1,0,key_only_block_so8_static,2,2.0,logit_top5_overlap,0.5999999642372131
synthetic_replay,1,0,key_only_block_so8_learned,2,2.0,logit_top5_overlap,0.6000000238418579
synthetic_replay,1,0,protected_v,2,2.0,logit_top5_overlap,0.6000000238418579
synthetic_replay,1,0,protected_v_lowrank,2,2.0,logit_top5_overlap,0.6000000238418579
synthetic_replay,1,0,full_kv,2,2.0,logit_top5_overlap,0.7000000476837158
synthetic_replay,1,0,key_only_random,2.5,2.5,logit_top5_overlap,0.7750000357627869
synthetic_replay,1,0,key_only_block_so8_static,2.5,2.5,logit_top5_overlap,0.675000011920929
synthetic_replay,1,0,key_only_block_so8_learned,2.5,2.5,logit_top5_overlap,0.699999988079071
synthetic_replay,1,0,protected_v,2.5,2.5,logit_top5_overlap,0.699999988079071
synthetic_replay,1,0,protected_v_lowrank,2.5,2.5,logit_top5_overlap,0.699999988079071
synthetic_replay,1,0,full_kv,2.5,2.5,logit_top5_overlap,0.7750000357627869
synthetic_replay,1,0,key_only_random,3,3.0,logit_top5_overlap,0.8000000715255737
synthetic_replay,1,0,key_only_block_so8_static,3,3.0,logit_top5_overlap,0.8250000476837158
synthetic_replay,1,0,key_only_block_so8_learned,3,3.0,logit_top5_overlap,0.699999988079071
synthetic_replay,1,0,protected_v,3,3.0,logit_top5_overlap,0.699999988079071
synthetic_replay,1,0,protected_v_lowrank,3,3.0,logit_top5_overlap,0.699999988079071
synthetic_replay,1,0,full_kv,3,3.0,logit_top5_overlap,0.8000000715255737
synthetic_replay,1,0,key_only_random,3.5,3.5,logit_top5_overlap,0.8750000596046448
synthetic_replay,1,0,key_only_block_so8_static,3.5,3.5,logit_top5_overlap,0.800000011920929
synthetic_replay,1,0,key_only_block_so8_learned,3.5,3.5,logit_top5_overlap,0.75
synthetic_replay,1,0,protected_v,3.5,3.5,logit_top5_overlap,0.75
synthetic_replay,1,0,protected_v_lowrank,3.5,3.5,logit_top5_overlap,0.75
synthetic_replay,1,0,full_kv,3.5,3.5,logit_top5_overlap,0.8750000596046448
synthetic_replay,1,0,key_only_random,4,4.0,logit_top5_overlap,0.7749999761581421
synthetic_replay,1,0,key_only_block_so8_static,4,4.0,logit_top5_overlap,0.925000011920929
synthetic_replay,1,0,key_only_block_so8_learned,4,4.0,logit_top5_overlap,0.8500000238418579
synthetic_replay,1,0,protected_v,4,4.0,logit_top5_overlap,0.8500000238418579
synthetic_replay,1,0,protected_v_lowrank,4,4.0,logit_top5_overlap,0.8500000238418579
synthetic_replay,1,0,full_kv,4,4.0,logit_top5_overlap,0.7749999761581421
synthetic_replay,0,0,exact,exact,,hidden_cosine_similarity,1.0
synthetic_replay,0,0,key_only_random,2,2.0,hidden_cosine_similarity,0.9999925494194031
synthetic_replay,0,0,key_only_block_so8_static,2,2.0,hidden_cosine_similarity,0.9999998211860657
synthetic_replay,0,0,key_only_block_so8_learned,2,2.0,hidden_cosine_similarity,0.9999972581863403
synthetic_replay,0,0,protected_v,2,2.0,hidden_cosine_similarity,0.9567260146141052
synthetic_replay,0,0,protected_v_lowrank,2,2.0,hidden_cosine_similarity,0.9618000984191895
synthetic_replay,0,0,full_kv,2,2.0,hidden_cosine_similarity,0.944848358631134
synthetic_replay,0,0,key_only_random,2.5,2.5,hidden_cosine_similarity,0.9999986886978149
synthetic_replay,0,0,key_only_block_so8_static,2.5,2.5,hidden_cosine_similarity,0.9999997615814209
synthetic_replay,0,0,key_only_block_so8_learned,2.5,2.5,hidden_cosine_similarity,0.9999996423721313
synthetic_replay,0,0,protected_v,2.5,2.5,hidden_cosine_similarity,0.9567446112632751
synthetic_replay,0,0,protected_v_lowrank,2.5,2.5,hidden_cosine_similarity,0.9618121981620789
synthetic_replay,0,0,full_kv,2.5,2.5,hidden_cosine_similarity,0.9586308598518372
synthetic_replay,0,0,key_only_random,3,3.0,hidden_cosine_similarity,0.9999996423721313
synthetic_replay,0,0,key_only_block_so8_static,3,3.0,hidden_cosine_similarity,0.9999998211860657
synthetic_replay,0,0,key_only_block_so8_learned,3,3.0,hidden_cosine_similarity,0.9999995231628418
synthetic_replay,0,0,protected_v,3,3.0,hidden_cosine_similarity,0.9871018528938293
synthetic_replay,0,0,protected_v_lowrank,3,3.0,hidden_cosine_similarity,0.9884980916976929
synthetic_replay,0,0,full_kv,3,3.0,hidden_cosine_similarity,0.9842604994773865
synthetic_replay,0,0,key_only_random,3.5,3.5,hidden_cosine_similarity,0.9999998211860657
synthetic_replay,0,0,key_only_block_so8_static,3.5,3.5,hidden_cosine_similarity,0.9999998807907104
synthetic_replay,0,0,key_only_block_so8_learned,3.5,3.5,hidden_cosine_similarity,0.9999998211860657
synthetic_replay,0,0,protected_v,3.5,3.5,hidden_cosine_similarity,0.9870955944061279
synthetic_replay,0,0,protected_v_lowrank,3.5,3.5,hidden_cosine_similarity,0.9884908199310303
synthetic_replay,0,0,full_kv,3.5,3.5,hidden_cosine_similarity,0.9890126585960388
synthetic_replay,0,0,key_only_random,4,4.0,hidden_cosine_similarity,1.0
synthetic_replay,0,0,key_only_block_so8_static,4,4.0,hidden_cosine_similarity,0.9999998807907104
synthetic_replay,0,0,key_only_block_so8_learned,4,4.0,hidden_cosine_similarity,0.9999998211860657
synthetic_replay,0,0,protected_v,4,4.0,hidden_cosine_similarity,0.9958822131156921
synthetic_replay,0,0,protected_v_lowrank,4,4.0,hidden_cosine_similarity,0.9964955449104309
synthetic_replay,0,0,full_kv,4,4.0,hidden_cosine_similarity,0.9956355094909668
synthetic_replay,1,0,exact,exact,,hidden_cosine_similarity,1.0
synthetic_replay,1,0,key_only_random,2,2.0,hidden_cosine_similarity,0.9999996423721313
synthetic_replay,1,0,key_only_block_so8_static,2,2.0,hidden_cosine_similarity,0.9999999403953552
synthetic_replay,1,0,key_only_block_so8_learned,2,2.0,hidden_cosine_similarity,0.9999998211860657
synthetic_replay,1,0,protected_v,2,2.0,hidden_cosine_similarity,0.9546367526054382
synthetic_replay,1,0,protected_v_lowrank,2,2.0,hidden_cosine_similarity,0.9597020745277405
synthetic_replay,1,0,full_kv,2,2.0,hidden_cosine_similarity,0.9335377216339111
synthetic_replay,1,0,key_only_random,2.5,2.5,hidden_cosine_similarity,0.9999996423721313
synthetic_replay,1,0,key_only_block_so8_static,2.5,2.5,hidden_cosine_similarity,0.9999999403953552
synthetic_replay,1,0,key_only_block_so8_learned,2.5,2.5,hidden_cosine_similarity,1.0
synthetic_replay,1,0,protected_v,2.5,2.5,hidden_cosine_similarity,0.9546331763267517
synthetic_replay,1,0,protected_v_lowrank,2.5,2.5,hidden_cosine_similarity,0.9597012400627136
synthetic_replay,1,0,full_kv,2.5,2.5,hidden_cosine_similarity,0.9564566016197205
synthetic_replay,1,0,key_only_random,3,3.0,hidden_cosine_similarity,1.0000001192092896
synthetic_replay,1,0,key_only_block_so8_static,3,3.0,hidden_cosine_similarity,1.0
synthetic_replay,1,0,key_only_block_so8_learned,3,3.0,hidden_cosine_similarity,0.9999999403953552
synthetic_replay,1,0,protected_v,3,3.0,hidden_cosine_similarity,0.9882287383079529
synthetic_replay,1,0,protected_v_lowrank,3,3.0,hidden_cosine_similarity,0.9889371991157532
synthetic_replay,1,0,full_kv,3,3.0,hidden_cosine_similarity,0.9813900589942932
synthetic_replay,1,0,key_only_random,3.5,3.5,hidden_cosine_similarity,0.9999999403953552
synthetic_replay,1,0,key_only_block_so8_static,3.5,3.5,hidden_cosine_similarity,1.0000001192092896
synthetic_replay,1,0,key_only_block_so8_learned,3.5,3.5,hidden_cosine_similarity,0.9999998807907104
synthetic_replay,1,0,protected_v,3.5,3.5,hidden_cosine_similarity,0.988229513168335
synthetic_replay,1,0,protected_v_lowrank,3.5,3.5,hidden_cosine_similarity,0.9889380931854248
synthetic_replay,1,0,full_kv,3.5,3.5,hidden_cosine_similarity,0.9884170293807983
synthetic_replay,1,0,key_only_random,4,4.0,hidden_cosine_similarity,1.0
synthetic_replay,1,0,key_only_block_so8_static,4,4.0,hidden_cosine_similarity,1.0000001192092896
synthetic_replay,1,0,key_only_block_so8_learned,4,4.0,hidden_cosine_similarity,1.0000001192092896
synthetic_replay,1,0,protected_v,4,4.0,hidden_cosine_similarity,0.9963411688804626
synthetic_replay,1,0,protected_v_lowrank,4,4.0,hidden_cosine_similarity,0.9965732097625732
synthetic_replay,1,0,full_kv,4,4.0,hidden_cosine_similarity,0.9953699707984924
synthetic_replay,0,0,exact,exact,,hidden_mae,0.0
synthetic_replay,0,0,key_only_random,2,2.0,hidden_mae,0.002434530295431614
synthetic_replay,0,0,key_only_block_so8_static,2,2.0,hidden_mae,0.00032684270991012454
synthetic_replay,0,0,key_only_block_so8_learned,2,2.0,hidden_mae,0.0014766498934477568
synthetic_replay,0,0,protected_v,2,2.0,hidden_mae,0.2160942405462265
synthetic_replay,0,0,protected_v_lowrank,2,2.0,hidden_mae,0.20449931919574738
synthetic_replay,0,0,full_kv,2,2.0,hidden_mae,0.2554304599761963
synthetic_replay,0,0,key_only_random,2.5,2.5,hidden_mae,0.0009623090736567974
synthetic_replay,0,0,key_only_block_so8_static,2.5,2.5,hidden_mae,0.00024197455786634237
synthetic_replay,0,0,key_only_block_so8_learned,2.5,2.5,hidden_mae,0.0006282037356868386
synthetic_replay,0,0,protected_v,2.5,2.5,hidden_mae,0.21590416133403778
synthetic_replay,0,0,protected_v_lowrank,2.5,2.5,hidden_mae,0.20440007746219635
synthetic_replay,0,0,full_kv,2.5,2.5,hidden_mae,0.22548016905784607
synthetic_replay,0,0,key_only_random,3,3.0,hidden_mae,0.0004962886450812221
synthetic_replay,0,0,key_only_block_so8_static,3,3.0,hidden_mae,0.0002531963982619345
synthetic_replay,0,0,key_only_block_so8_learned,3,3.0,hidden_mae,0.0005656586145050824
synthetic_replay,0,0,protected_v,3,3.0,hidden_mae,0.11684268712997437
synthetic_replay,0,0,protected_v_lowrank,3,3.0,hidden_mae,0.11337631195783615
synthetic_replay,0,0,full_kv,3,3.0,hidden_mae,0.1379285752773285
synthetic_replay,0,0,key_only_random,3.5,3.5,hidden_mae,0.0002841779205482453
synthetic_replay,0,0,key_only_block_so8_static,3.5,3.5,hidden_mae,0.00029781050398014486
synthetic_replay,0,0,key_only_block_so8_learned,3.5,3.5,hidden_mae,0.00041695215622894466
synthetic_replay,0,0,protected_v,3.5,3.5,hidden_mae,0.11683507263660431
synthetic_replay,0,0,protected_v_lowrank,3.5,3.5,hidden_mae,0.11338592320680618
synthetic_replay,0,0,full_kv,3.5,3.5,hidden_mae,0.11813674122095108
synthetic_replay,0,0,key_only_random,4,4.0,hidden_mae,0.00011826488480437547
synthetic_replay,0,0,key_only_block_so8_static,4,4.0,hidden_mae,0.0001721632870612666
synthetic_replay,0,0,key_only_block_so8_learned,4,4.0,hidden_mae,0.0002677610900718719
synthetic_replay,0,0,protected_v,4,4.0,hidden_mae,0.06545895338058472
synthetic_replay,0,0,protected_v_lowrank,4,4.0,hidden_mae,0.06141536682844162
synthetic_replay,0,0,full_kv,4,4.0,hidden_mae,0.07412928342819214
synthetic_replay,1,0,exact,exact,,hidden_mae,0.0
synthetic_replay,1,0,key_only_random,2,2.0,hidden_mae,0.00046129844849929214
synthetic_replay,1,0,key_only_block_so8_static,2,2.0,hidden_mae,0.00020397610205691308
synthetic_replay,1,0,key_only_block_so8_learned,2,2.0,hidden_mae,0.0003020835865754634
synthetic_replay,1,0,protected_v,2,2.0,hidden_mae,0.2081359177827835
synthetic_replay,1,0,protected_v_lowrank,2,2.0,hidden_mae,0.1975225955247879
synthetic_replay,1,0,full_kv,2,2.0,hidden_mae,0.2627040445804596
synthetic_replay,1,0,key_only_random,2.5,2.5,hidden_mae,0.0005227517685852945
synthetic_replay,1,0,key_only_block_so8_static,2.5,2.5,hidden_mae,0.00014242382894735783
synthetic_replay,1,0,key_only_block_so8_learned,2.5,2.5,hidden_mae,5.281595076667145e-05
synthetic_replay,1,0,protected_v,2.5,2.5,hidden_mae,0.20813313126564026
synthetic_replay,1,0,protected_v_lowrank,2.5,2.5,hidden_mae,0.19753536581993103
synthetic_replay,1,0,full_kv,2.5,2.5,hidden_mae,0.2140842080116272
synthetic_replay,1,0,key_only_random,3,3.0,hidden_mae,0.00010468465916346759
synthetic_replay,1,0,key_only_block_so8_static,3,3.0,hidden_mae,0.0001348556688753888
synthetic_replay,1,0,key_only_block_so8_learned,3,3.0,hidden_mae,0.00021674261370208114
synthetic_replay,1,0,protected_v,3,3.0,hidden_mae,0.10837295651435852
synthetic_replay,1,0,protected_v_lowrank,3,3.0,hidden_mae,0.10613703727722168
synthetic_replay,1,0,full_kv,3,3.0,hidden_mae,0.14213034510612488
synthetic_replay,1,0,key_only_random,3.5,3.5,hidden_mae,0.00013572096941061318
synthetic_replay,1,0,key_only_block_so8_static,3.5,3.5,hidden_mae,0.00015566709043923765
synthetic_replay,1,0,key_only_block_so8_learned,3.5,3.5,hidden_mae,0.00014909202582202852
synthetic_replay,1,0,protected_v,3.5,3.5,hidden_mae,0.108357734978199
synthetic_replay,1,0,protected_v_lowrank,3.5,3.5,hidden_mae,0.10613249242305756
synthetic_replay,1,0,full_kv,3.5,3.5,hidden_mae,0.11233986914157867
synthetic_replay,1,0,key_only_random,4,4.0,hidden_mae,6.968407251406461e-05
synthetic_replay,1,0,key_only_block_so8_static,4,4.0,hidden_mae,5.4492338676936924e-05
synthetic_replay,1,0,key_only_block_so8_learned,4,4.0,hidden_mae,3.5620960261439905e-05
synthetic_replay,1,0,protected_v,4,4.0,hidden_mae,0.05926692858338356
synthetic_replay,1,0,protected_v_lowrank,4,4.0,hidden_mae,0.05839933454990387
synthetic_replay,1,0,full_kv,4,4.0,hidden_mae,0.07169140875339508
synthetic_replay,0,0,exact,exact,,hidden_mse,0.0
synthetic_replay,0,0,key_only_random,2,2.0,hidden_mse,2.1567415387835354e-05
synthetic_replay,0,0,key_only_block_so8_static,2,2.0,hidden_mse,2.7992950890620705e-07
synthetic_replay,0,0,key_only_block_so8_learned,2,2.0,hidden_mse,7.827789886505343e-06
synthetic_replay,0,0,protected_v,2,2.0,hidden_mse,0.08276794105768204
synthetic_replay,0,0,protected_v_lowrank,2,2.0,hidden_mse,0.07329252362251282
synthetic_replay,0,0,full_kv,2,2.0,hidden_mse,0.10473641008138657
synthetic_replay,0,0,key_only_random,2.5,2.5,hidden_mse,3.4087852327502333e-06
synthetic_replay,0,0,key_only_block_so8_static,2.5,2.5,hidden_mse,2.182125626859488e-07
synthetic_replay,0,0,key_only_block_so8_learned,2.5,2.5,hidden_mse,1.1019569683412556e-06
synthetic_replay,0,0,protected_v,2.5,2.5,hidden_mse,0.08276019990444183
synthetic_replay,0,0,protected_v_lowrank,2.5,2.5,hidden_mse,0.07329925894737244
synthetic_replay,0,0,full_kv,2.5,2.5,hidden_mse,0.08084119856357574
synthetic_replay,0,0,key_only_random,3,3.0,hidden_mse,9.434742196390289e-07
synthetic_replay,0,0,key_only_block_so8_static,3,3.0,hidden_mse,2.0609914486158232e-07
synthetic_replay,0,0,key_only_block_so8_learned,3,3.0,hidden_mse,1.3071862667857204e-06
synthetic_replay,0,0,protected_v,3,3.0,hidden_mse,0.02502051740884781
synthetic_replay,0,0,protected_v_lowrank,3,3.0,hidden_mse,0.02232448384165764
synthetic_replay,0,0,full_kv,3,3.0,hidden_mse,0.03051454946398735
synthetic_replay,0,0,key_only_random,3.5,3.5,hidden_mse,2.7547284275897255e-07
synthetic_replay,0,0,key_only_block_so8_static,3.5,3.5,hidden_mse,3.29471504301182e-07
synthetic_replay,0,0,key_only_block_so8_learned,3.5,3.5,hidden_mse,5.460090051201405e-07
synthetic_replay,0,0,protected_v,3.5,3.5,hidden_mse,0.02503376081585884
synthetic_replay,0,0,protected_v_lowrank,3.5,3.5,hidden_mse,0.022339412942528725
synthetic_replay,0,0,full_kv,3.5,3.5,hidden_mse,0.021682551130652428
synthetic_replay,0,0,key_only_random,4,4.0,hidden_mse,5.3746354922168393e-08
synthetic_replay,0,0,key_only_block_so8_static,4,4.0,hidden_mse,7.10829510808253e-08
synthetic_replay,0,0,key_only_block_so8_learned,4,4.0,hidden_mse,3.240138823912275e-07
synthetic_replay,0,0,protected_v,4,4.0,hidden_mse,0.008023809641599655
synthetic_replay,0,0,protected_v_lowrank,4,4.0,hidden_mse,0.006827910430729389
synthetic_replay,0,0,full_kv,4,4.0,hidden_mse,0.008510109968483448
synthetic_replay,1,0,exact,exact,,hidden_mse,0.0
synthetic_replay,1,0,key_only_random,2,2.0,hidden_mse,9.490769343756256e-07
synthetic_replay,1,0,key_only_block_so8_static,2,2.0,hidden_mse,1.1744523931156436e-07
synthetic_replay,1,0,key_only_block_so8_learned,2,2.0,hidden_mse,4.875404897575208e-07
synthetic_replay,1,0,protected_v,2,2.0,hidden_mse,0.07669941335916519
synthetic_replay,1,0,protected_v_lowrank,2,2.0,hidden_mse,0.06811079382896423
synthetic_replay,1,0,full_kv,2,2.0,hidden_mse,0.11037063598632812
synthetic_replay,1,0,key_only_random,2.5,2.5,hidden_mse,9.72335328697227e-07
synthetic_replay,1,0,key_only_block_so8_static,2.5,2.5,hidden_mse,5.947948977791384e-08
synthetic_replay,1,0,key_only_block_so8_learned,2.5,2.5,hidden_mse,5.592988738811755e-09
synthetic_replay,1,0,protected_v,2.5,2.5,hidden_mse,0.07671990990638733
synthetic_replay,1,0,protected_v_lowrank,2.5,2.5,hidden_mse,0.06812236458063126
synthetic_replay,1,0,full_kv,2.5,2.5,hidden_mse,0.07380412518978119
synthetic_replay,1,0,key_only_random,3,3.0,hidden_mse,3.0363047187620396e-08
synthetic_replay,1,0,key_only_block_so8_static,3,3.0,hidden_mse,4.057688229863743e-08
synthetic_replay,1,0,key_only_block_so8_learned,3,3.0,hidden_mse,1.8625061670718424e-07
synthetic_replay,1,0,protected_v,3,3.0,hidden_mse,0.02010214887559414
synthetic_replay,1,0,protected_v_lowrank,3,3.0,hidden_mse,0.01889842562377453
synthetic_replay,1,0,full_kv,3,3.0,hidden_mse,0.03178541362285614
synthetic_replay,1,0,key_only_random,3.5,3.5,hidden_mse,4.937550102113164e-08
synthetic_replay,1,0,key_only_block_so8_static,3.5,3.5,hidden_mse,5.951113024593724e-08
synthetic_replay,1,0,key_only_block_so8_learned,3.5,3.5,hidden_mse,9.079584373239413e-08
synthetic_replay,1,0,protected_v,3.5,3.5,hidden_mse,0.020100658759474754
synthetic_replay,1,0,protected_v_lowrank,3.5,3.5,hidden_mse,0.018897008150815964
synthetic_replay,1,0,full_kv,3.5,3.5,hidden_mse,0.0198449045419693
synthetic_replay,1,0,key_only_random,4,4.0,hidden_mse,1.4250971958063019e-08
synthetic_replay,1,0,key_only_block_so8_static,4,4.0,hidden_mse,1.0117579662960452e-08
synthetic_replay,1,0,key_only_block_so8_learned,4,4.0,hidden_mse,3.017782912451139e-09
synthetic_replay,1,0,protected_v,4,4.0,hidden_mse,0.006274614483118057
synthetic_replay,1,0,protected_v_lowrank,4,4.0,hidden_mse,0.005876167677342892
synthetic_replay,1,0,full_kv,4,4.0,hidden_mse,0.007937557063996792
synthetic_replay,0,0,exact,exact,,memory_bits,524288.0
synthetic_replay,0,0,key_only_random,2,2.0,memory_bits,282624.0
synthetic_replay,0,0,key_only_block_so8_static,2,2.0,memory_bits,282624.0
synthetic_replay,0,0,key_only_block_so8_learned,2,2.0,memory_bits,282624.0
synthetic_replay,0,0,protected_v,2,2.0,memory_bits,71040.0
synthetic_replay,0,0,protected_v_lowrank,2,2.0,memory_bits,79232.0
synthetic_replay,0,0,full_kv,2,2.0,memory_bits,38912.0
synthetic_replay,0,0,key_only_random,2.5,2.5,memory_bits,284672.0
synthetic_replay,0,0,key_only_block_so8_static,2.5,2.5,memory_bits,284672.0
synthetic_replay,0,0,key_only_block_so8_learned,2.5,2.5,memory_bits,284672.0
synthetic_replay,0,0,protected_v,2.5,2.5,memory_bits,73088.0
synthetic_replay,0,0,protected_v_lowrank,2.5,2.5,memory_bits,81280.0
synthetic_replay,0,0,full_kv,2.5,2.5,memory_bits,43008.0
synthetic_replay,0,0,key_only_random,3,3.0,memory_bits,290816.0
synthetic_replay,0,0,key_only_block_so8_static,3,3.0,memory_bits,290816.0
synthetic_replay,0,0,key_only_block_so8_learned,3,3.0,memory_bits,290816.0
synthetic_replay,0,0,protected_v,3,3.0,memory_bits,86592.0
synthetic_replay,0,0,protected_v_lowrank,3,3.0,memory_bits,94784.0
synthetic_replay,0,0,full_kv,3,3.0,memory_bits,55296.0
synthetic_replay,0,0,key_only_random,3.5,3.5,memory_bits,292864.0
synthetic_replay,0,0,key_only_block_so8_static,3.5,3.5,memory_bits,292864.0
synthetic_replay,0,0,key_only_block_so8_learned,3.5,3.5,memory_bits,292864.0
synthetic_replay,0,0,protected_v,3.5,3.5,memory_bits,88640.0
synthetic_replay,0,0,protected_v_lowrank,3.5,3.5,memory_bits,96832.0
synthetic_replay,0,0,full_kv,3.5,3.5,memory_bits,59392.0
synthetic_replay,0,0,key_only_random,4,4.0,memory_bits,299008.0
synthetic_replay,0,0,key_only_block_so8_static,4,4.0,memory_bits,299008.0
synthetic_replay,0,0,key_only_block_so8_learned,4,4.0,memory_bits,299008.0
synthetic_replay,0,0,protected_v,4,4.0,memory_bits,102144.0
synthetic_replay,0,0,protected_v_lowrank,4,4.0,memory_bits,110336.0
synthetic_replay,0,0,full_kv,4,4.0,memory_bits,71680.0
synthetic_replay,1,0,exact,exact,,memory_bits,524288.0
synthetic_replay,1,0,key_only_random,2,2.0,memory_bits,282624.0
synthetic_replay,1,0,key_only_block_so8_static,2,2.0,memory_bits,282624.0
synthetic_replay,1,0,key_only_block_so8_learned,2,2.0,memory_bits,282624.0
synthetic_replay,1,0,protected_v,2,2.0,memory_bits,71040.0
synthetic_replay,1,0,protected_v_lowrank,2,2.0,memory_bits,79232.0
synthetic_replay,1,0,full_kv,2,2.0,memory_bits,38912.0
synthetic_replay,1,0,key_only_random,2.5,2.5,memory_bits,284672.0
synthetic_replay,1,0,key_only_block_so8_static,2.5,2.5,memory_bits,284672.0
synthetic_replay,1,0,key_only_block_so8_learned,2.5,2.5,memory_bits,284672.0
synthetic_replay,1,0,protected_v,2.5,2.5,memory_bits,73088.0
synthetic_replay,1,0,protected_v_lowrank,2.5,2.5,memory_bits,81280.0
synthetic_replay,1,0,full_kv,2.5,2.5,memory_bits,43008.0
synthetic_replay,1,0,key_only_random,3,3.0,memory_bits,290816.0
synthetic_replay,1,0,key_only_block_so8_static,3,3.0,memory_bits,290816.0
synthetic_replay,1,0,key_only_block_so8_learned,3,3.0,memory_bits,290816.0
synthetic_replay,1,0,protected_v,3,3.0,memory_bits,86592.0
synthetic_replay,1,0,protected_v_lowrank,3,3.0,memory_bits,94784.0
synthetic_replay,1,0,full_kv,3,3.0,memory_bits,55296.0
synthetic_replay,1,0,key_only_random,3.5,3.5,memory_bits,292864.0
synthetic_replay,1,0,key_only_block_so8_static,3.5,3.5,memory_bits,292864.0
synthetic_replay,1,0,key_only_block_so8_learned,3.5,3.5,memory_bits,292864.0
synthetic_replay,1,0,protected_v,3.5,3.5,memory_bits,88640.0
synthetic_replay,1,0,protected_v_lowrank,3.5,3.5,memory_bits,96832.0
synthetic_replay,1,0,full_kv,3.5,3.5,memory_bits,59392.0
synthetic_replay,1,0,key_only_random,4,4.0,memory_bits,299008.0
synthetic_replay,1,0,key_only_block_so8_static,4,4.0,memory_bits,299008.0
synthetic_replay,1,0,key_only_block_so8_learned,4,4.0,memory_bits,299008.0
synthetic_replay,1,0,protected_v,4,4.0,memory_bits,102144.0
synthetic_replay,1,0,protected_v_lowrank,4,4.0,memory_bits,110336.0
synthetic_replay,1,0,full_kv,4,4.0,memory_bits,71680.0
synthetic_replay,0,0,exact,exact,,memory_ratio_vs_exact,1.0
synthetic_replay,0,0,key_only_random,2,2.0,memory_ratio_vs_exact,0.5390625
synthetic_replay,0,0,key_only_block_so8_static,2,2.0,memory_ratio_vs_exact,0.5390625
synthetic_replay,0,0,key_only_block_so8_learned,2,2.0,memory_ratio_vs_exact,0.5390625
synthetic_replay,0,0,protected_v,2,2.0,memory_ratio_vs_exact,0.135498046875
synthetic_replay,0,0,protected_v_lowrank,2,2.0,memory_ratio_vs_exact,0.151123046875
synthetic_replay,0,0,full_kv,2,2.0,memory_ratio_vs_exact,0.07421875
synthetic_replay,0,0,key_only_random,2.5,2.5,memory_ratio_vs_exact,0.54296875
synthetic_replay,0,0,key_only_block_so8_static,2.5,2.5,memory_ratio_vs_exact,0.54296875
synthetic_replay,0,0,key_only_block_so8_learned,2.5,2.5,memory_ratio_vs_exact,0.54296875
synthetic_replay,0,0,protected_v,2.5,2.5,memory_ratio_vs_exact,0.139404296875
synthetic_replay,0,0,protected_v_lowrank,2.5,2.5,memory_ratio_vs_exact,0.155029296875
synthetic_replay,0,0,full_kv,2.5,2.5,memory_ratio_vs_exact,0.08203125
synthetic_replay,0,0,key_only_random,3,3.0,memory_ratio_vs_exact,0.5546875
synthetic_replay,0,0,key_only_block_so8_static,3,3.0,memory_ratio_vs_exact,0.5546875
synthetic_replay,0,0,key_only_block_so8_learned,3,3.0,memory_ratio_vs_exact,0.5546875
synthetic_replay,0,0,protected_v,3,3.0,memory_ratio_vs_exact,0.1651611328125
synthetic_replay,0,0,protected_v_lowrank,3,3.0,memory_ratio_vs_exact,0.1807861328125
synthetic_replay,0,0,full_kv,3,3.0,memory_ratio_vs_exact,0.10546875
synthetic_replay,0,0,key_only_random,3.5,3.5,memory_ratio_vs_exact,0.55859375
synthetic_replay,0,0,key_only_block_so8_static,3.5,3.5,memory_ratio_vs_exact,0.55859375
synthetic_replay,0,0,key_only_block_so8_learned,3.5,3.5,memory_ratio_vs_exact,0.55859375
synthetic_replay,0,0,protected_v,3.5,3.5,memory_ratio_vs_exact,0.1690673828125
synthetic_replay,0,0,protected_v_lowrank,3.5,3.5,memory_ratio_vs_exact,0.1846923828125
synthetic_replay,0,0,full_kv,3.5,3.5,memory_ratio_vs_exact,0.11328125
synthetic_replay,0,0,key_only_random,4,4.0,memory_ratio_vs_exact,0.5703125
synthetic_replay,0,0,key_only_block_so8_static,4,4.0,memory_ratio_vs_exact,0.5703125
synthetic_replay,0,0,key_only_block_so8_learned,4,4.0,memory_ratio_vs_exact,0.5703125
synthetic_replay,0,0,protected_v,4,4.0,memory_ratio_vs_exact,0.19482421875
synthetic_replay,0,0,protected_v_lowrank,4,4.0,memory_ratio_vs_exact,0.21044921875
synthetic_replay,0,0,full_kv,4,4.0,memory_ratio_vs_exact,0.13671875
synthetic_replay,1,0,exact,exact,,memory_ratio_vs_exact,1.0
synthetic_replay,1,0,key_only_random,2,2.0,memory_ratio_vs_exact,0.5390625
synthetic_replay,1,0,key_only_block_so8_static,2,2.0,memory_ratio_vs_exact,0.5390625
synthetic_replay,1,0,key_only_block_so8_learned,2,2.0,memory_ratio_vs_exact,0.5390625
synthetic_replay,1,0,protected_v,2,2.0,memory_ratio_vs_exact,0.135498046875
synthetic_replay,1,0,protected_v_lowrank,2,2.0,memory_ratio_vs_exact,0.151123046875
synthetic_replay,1,0,full_kv,2,2.0,memory_ratio_vs_exact,0.07421875
synthetic_replay,1,0,key_only_random,2.5,2.5,memory_ratio_vs_exact,0.54296875
synthetic_replay,1,0,key_only_block_so8_static,2.5,2.5,memory_ratio_vs_exact,0.54296875
synthetic_replay,1,0,key_only_block_so8_learned,2.5,2.5,memory_ratio_vs_exact,0.54296875
synthetic_replay,1,0,protected_v,2.5,2.5,memory_ratio_vs_exact,0.139404296875
synthetic_replay,1,0,protected_v_lowrank,2.5,2.5,memory_ratio_vs_exact,0.155029296875
synthetic_replay,1,0,full_kv,2.5,2.5,memory_ratio_vs_exact,0.08203125
synthetic_replay,1,0,key_only_random,3,3.0,memory_ratio_vs_exact,0.5546875
synthetic_replay,1,0,key_only_block_so8_static,3,3.0,memory_ratio_vs_exact,0.5546875
synthetic_replay,1,0,key_only_block_so8_learned,3,3.0,memory_ratio_vs_exact,0.5546875
synthetic_replay,1,0,protected_v,3,3.0,memory_ratio_vs_exact,0.1651611328125
synthetic_replay,1,0,protected_v_lowrank,3,3.0,memory_ratio_vs_exact,0.1807861328125
synthetic_replay,1,0,full_kv,3,3.0,memory_ratio_vs_exact,0.10546875
synthetic_replay,1,0,key_only_random,3.5,3.5,memory_ratio_vs_exact,0.55859375
synthetic_replay,1,0,key_only_block_so8_static,3.5,3.5,memory_ratio_vs_exact,0.55859375
synthetic_replay,1,0,key_only_block_so8_learned,3.5,3.5,memory_ratio_vs_exact,0.55859375
synthetic_replay,1,0,protected_v,3.5,3.5,memory_ratio_vs_exact,0.1690673828125
synthetic_replay,1,0,protected_v_lowrank,3.5,3.5,memory_ratio_vs_exact,0.1846923828125
synthetic_replay,1,0,full_kv,3.5,3.5,memory_ratio_vs_exact,0.11328125
synthetic_replay,1,0,key_only_random,4,4.0,memory_ratio_vs_exact,0.5703125
synthetic_replay,1,0,key_only_block_so8_static,4,4.0,memory_ratio_vs_exact,0.5703125
synthetic_replay,1,0,key_only_block_so8_learned,4,4.0,memory_ratio_vs_exact,0.5703125
synthetic_replay,1,0,protected_v,4,4.0,memory_ratio_vs_exact,0.19482421875
synthetic_replay,1,0,protected_v_lowrank,4,4.0,memory_ratio_vs_exact,0.21044921875
synthetic_replay,1,0,full_kv,4,4.0,memory_ratio_vs_exact,0.13671875
synthetic_replay,0,0,exact,exact,,prefill_seconds,0.0
synthetic_replay,0,0,key_only_random,2,2.0,prefill_seconds,0.003189999988535419
synthetic_replay,0,0,key_only_block_so8_static,2,2.0,prefill_seconds,0.004285300004994497
synthetic_replay,0,0,key_only_block_so8_learned,2,2.0,prefill_seconds,0.003999200009275228
synthetic_replay,0,0,protected_v,2,2.0,prefill_seconds,3.1258767999970587
synthetic_replay,0,0,protected_v_lowrank,2,2.0,prefill_seconds,0.023550400001113303
synthetic_replay,0,0,full_kv,2,2.0,prefill_seconds,0.010567099991021678
synthetic_replay,0,0,key_only_random,2.5,2.5,prefill_seconds,0.006609700008993968
synthetic_replay,0,0,key_only_block_so8_static,2.5,2.5,prefill_seconds,0.006788300001062453
synthetic_replay,0,0,key_only_block_so8_learned,2.5,2.5,prefill_seconds,0.00572190000093542
synthetic_replay,0,0,protected_v,2.5,2.5,prefill_seconds,0.0649256000033347
synthetic_replay,0,0,protected_v_lowrank,2.5,2.5,prefill_seconds,0.15279789999476634
synthetic_replay,0,0,full_kv,2.5,2.5,prefill_seconds,0.028050900000380352
synthetic_replay,0,0,key_only_random,3,3.0,prefill_seconds,0.006732900001225062
synthetic_replay,0,0,key_only_block_so8_static,3,3.0,prefill_seconds,0.009158999993815087
synthetic_replay,0,0,key_only_block_so8_learned,3,3.0,prefill_seconds,0.004583499990985729
synthetic_replay,0,0,protected_v,3,3.0,prefill_seconds,0.01224690000526607
synthetic_replay,0,0,protected_v_lowrank,3,3.0,prefill_seconds,0.02000249999400694
synthetic_replay,0,0,full_kv,3,3.0,prefill_seconds,0.008039399996050633
synthetic_replay,0,0,key_only_random,3.5,3.5,prefill_seconds,0.008461999997962266
synthetic_replay,0,0,key_only_block_so8_static,3.5,3.5,prefill_seconds,0.06862020000698976
synthetic_replay,0,0,key_only_block_so8_learned,3.5,3.5,prefill_seconds,0.005300200005876832
synthetic_replay,0,0,protected_v,3.5,3.5,prefill_seconds,0.016333599996869452
synthetic_replay,0,0,protected_v_lowrank,3.5,3.5,prefill_seconds,0.01304780000646133
synthetic_replay,0,0,full_kv,3.5,3.5,prefill_seconds,0.009570499998517334
synthetic_replay,0,0,key_only_random,4,4.0,prefill_seconds,0.004275299987057224
synthetic_replay,0,0,key_only_block_so8_static,4,4.0,prefill_seconds,0.005836299998918548
synthetic_replay,0,0,key_only_block_so8_learned,4,4.0,prefill_seconds,0.00808820000384003
synthetic_replay,0,0,protected_v,4,4.0,prefill_seconds,0.0113402999995742
synthetic_replay,0,0,protected_v_lowrank,4,4.0,prefill_seconds,0.011391899999580346
synthetic_replay,0,0,full_kv,4,4.0,prefill_seconds,0.010005599993746728
synthetic_replay,1,0,exact,exact,,prefill_seconds,0.0
synthetic_replay,1,0,key_only_random,2,2.0,prefill_seconds,0.009411700011696666
synthetic_replay,1,0,key_only_block_so8_static,2,2.0,prefill_seconds,0.00702350000210572
synthetic_replay,1,0,key_only_block_so8_learned,2,2.0,prefill_seconds,0.004244499999913387
synthetic_replay,1,0,protected_v,2,2.0,prefill_seconds,0.02989079999679234
synthetic_replay,1,0,protected_v_lowrank,2,2.0,prefill_seconds,0.02417389999027364
synthetic_replay,1,0,full_kv,2,2.0,prefill_seconds,0.006939899991266429
synthetic_replay,1,0,key_only_random,2.5,2.5,prefill_seconds,0.006853999992017634
synthetic_replay,1,0,key_only_block_so8_static,2.5,2.5,prefill_seconds,0.008730400004424155
synthetic_replay,1,0,key_only_block_so8_learned,2.5,2.5,prefill_seconds,0.009397400004672818
synthetic_replay,1,0,protected_v,2.5,2.5,prefill_seconds,0.01182179999887012
synthetic_replay,1,0,protected_v_lowrank,2.5,2.5,prefill_seconds,0.034008600006927736
synthetic_replay,1,0,full_kv,2.5,2.5,prefill_seconds,0.01351740000245627
synthetic_replay,1,0,key_only_random,3,3.0,prefill_seconds,0.005824499996379018
synthetic_replay,1,0,key_only_block_so8_static,3,3.0,prefill_seconds,0.005489899995154701
synthetic_replay,1,0,key_only_block_so8_learned,3,3.0,prefill_seconds,0.00877329999639187
synthetic_replay,1,0,protected_v,3,3.0,prefill_seconds,0.010578299988992512
synthetic_replay,1,0,protected_v_lowrank,3,3.0,prefill_seconds,0.019424199999775738
synthetic_replay,1,0,full_kv,3,3.0,prefill_seconds,0.008815100009087473
synthetic_replay,1,0,key_only_random,3.5,3.5,prefill_seconds,0.013857500001904555
synthetic_replay,1,0,key_only_block_so8_static,3.5,3.5,prefill_seconds,0.006178600000566803
synthetic_replay,1,0,key_only_block_so8_learned,3.5,3.5,prefill_seconds,0.016859000010299496
synthetic_replay,1,0,protected_v,3.5,3.5,prefill_seconds,0.04332409999915399
synthetic_replay,1,0,protected_v_lowrank,3.5,3.5,prefill_seconds,0.02217079998808913
synthetic_replay,1,0,full_kv,3.5,3.5,prefill_seconds,0.012030500001856126
synthetic_replay,1,0,key_only_random,4,4.0,prefill_seconds,0.006074599994462915
synthetic_replay,1,0,key_only_block_so8_static,4,4.0,prefill_seconds,0.0066156000102637336
synthetic_replay,1,0,key_only_block_so8_learned,4,4.0,prefill_seconds,0.004860000000917353
synthetic_replay,1,0,protected_v,4,4.0,prefill_seconds,0.014127900009043515
synthetic_replay,1,0,protected_v_lowrank,4,4.0,prefill_seconds,0.010202200006460771
synthetic_replay,1,0,full_kv,4,4.0,prefill_seconds,0.006341899992548861
synthetic_replay,0,0,exact,exact,,decode_seconds,0.0
synthetic_replay,0,0,key_only_random,2,2.0,decode_seconds,0.0014847999991616234
synthetic_replay,0,0,key_only_block_so8_static,2,2.0,decode_seconds,0.0016925999952945858
synthetic_replay,0,0,key_only_block_so8_learned,2,2.0,decode_seconds,0.001789200003258884
synthetic_replay,0,0,protected_v,2,2.0,decode_seconds,0.002230799989774823
synthetic_replay,0,0,protected_v_lowrank,2,2.0,decode_seconds,0.0020414000027813017
synthetic_replay,0,0,full_kv,2,2.0,decode_seconds,0.0017650999943725765
synthetic_replay,0,0,key_only_random,2.5,2.5,decode_seconds,0.002058499987469986
synthetic_replay,0,0,key_only_block_so8_static,2.5,2.5,decode_seconds,0.0034586999972816557
synthetic_replay,0,0,key_only_block_so8_learned,2.5,2.5,decode_seconds,0.00416179999592714
synthetic_replay,0,0,protected_v,2.5,2.5,decode_seconds,0.018898199996328913
synthetic_replay,0,0,protected_v_lowrank,2.5,2.5,decode_seconds,0.005276900003082119
synthetic_replay,0,0,full_kv,2.5,2.5,decode_seconds,0.012995700002647936
synthetic_replay,0,0,key_only_random,3,3.0,decode_seconds,0.004266899995855056
synthetic_replay,0,0,key_only_block_so8_static,3,3.0,decode_seconds,0.0021681000071112067
synthetic_replay,0,0,key_only_block_so8_learned,3,3.0,decode_seconds,0.0016815999988466501
synthetic_replay,0,0,protected_v,3,3.0,decode_seconds,0.0021389000030467287
synthetic_replay,0,0,protected_v_lowrank,3,3.0,decode_seconds,0.004501699993852526
synthetic_replay,0,0,full_kv,3,3.0,decode_seconds,0.0021329999872250482
synthetic_replay,0,0,key_only_random,3.5,3.5,decode_seconds,0.003257500007748604
synthetic_replay,0,0,key_only_block_so8_static,3.5,3.5,decode_seconds,0.002216799999587238
synthetic_replay,0,0,key_only_block_so8_learned,3.5,3.5,decode_seconds,0.0018693000019993633
synthetic_replay,0,0,protected_v,3.5,3.5,decode_seconds,0.0019331000075908378
synthetic_replay,0,0,protected_v_lowrank,3.5,3.5,decode_seconds,0.002045500004896894
synthetic_replay,0,0,full_kv,3.5,3.5,decode_seconds,0.00195569999050349
synthetic_replay,0,0,key_only_random,4,4.0,decode_seconds,0.0014287000085460022
synthetic_replay,0,0,key_only_block_so8_static,4,4.0,decode_seconds,0.001897499998449348
synthetic_replay,0,0,key_only_block_so8_learned,4,4.0,decode_seconds,0.0019049999973503873
synthetic_replay,0,0,protected_v,4,4.0,decode_seconds,0.00155570000060834
synthetic_replay,0,0,protected_v_lowrank,4,4.0,decode_seconds,0.005204400004004128
synthetic_replay,0,0,full_kv,4,4.0,decode_seconds,0.0017325999942841008
synthetic_replay,1,0,exact,exact,,decode_seconds,0.0
synthetic_replay,1,0,key_only_random,2,2.0,decode_seconds,0.0015719000075478107
synthetic_replay,1,0,key_only_block_so8_static,2,2.0,decode_seconds,0.0017255999991903082
synthetic_replay,1,0,key_only_block_so8_learned,2,2.0,decode_seconds,0.0026019000069936737
synthetic_replay,1,0,protected_v,2,2.0,decode_seconds,0.0034493999992264435
synthetic_replay,1,0,protected_v_lowrank,2,2.0,decode_seconds,0.0017957999953068793
synthetic_replay,1,0,full_kv,2,2.0,decode_seconds,0.001381299996864982
synthetic_replay,1,0,key_only_random,2.5,2.5,decode_seconds,0.002317199992830865
synthetic_replay,1,0,key_only_block_so8_static,2.5,2.5,decode_seconds,0.004111300004296936
synthetic_replay,1,0,key_only_block_so8_learned,2.5,2.5,decode_seconds,0.0025048999959835783
synthetic_replay,1,0,protected_v,2.5,2.5,decode_seconds,0.002702900004805997
synthetic_replay,1,0,protected_v_lowrank,2.5,2.5,decode_seconds,0.014102599991019815
synthetic_replay,1,0,full_kv,2.5,2.5,decode_seconds,0.004500700000789948
synthetic_replay,1,0,key_only_random,3,3.0,decode_seconds,0.0013070999993942678
synthetic_replay,1,0,key_only_block_so8_static,3,3.0,decode_seconds,0.0015679999924032018
synthetic_replay,1,0,key_only_block_so8_learned,3,3.0,decode_seconds,0.0017392000008840114
synthetic_replay,1,0,protected_v,3,3.0,decode_seconds,0.0019696999952429906
synthetic_replay,1,0,protected_v_lowrank,3,3.0,decode_seconds,0.0032869999995455146
synthetic_replay,1,0,full_kv,3,3.0,decode_seconds,0.0026101999974343926
synthetic_replay,1,0,key_only_random,3.5,3.5,decode_seconds,0.0027941000007558614
synthetic_replay,1,0,key_only_block_so8_static,3.5,3.5,decode_seconds,0.0020459999941522256
synthetic_replay,1,0,key_only_block_so8_learned,3.5,3.5,decode_seconds,0.0044209000043338165
synthetic_replay,1,0,protected_v,3.5,3.5,decode_seconds,0.003021999989869073
synthetic_replay,1,0,protected_v_lowrank,3.5,3.5,decode_seconds,0.001995400001760572
synthetic_replay,1,0,full_kv,3.5,3.5,decode_seconds,0.002138399999239482
synthetic_replay,1,0,key_only_random,4,4.0,decode_seconds,0.0027751000015996397
synthetic_replay,1,0,key_only_block_so8_static,4,4.0,decode_seconds,0.0019525000097928569
synthetic_replay,1,0,key_only_block_so8_learned,4,4.0,decode_seconds,0.003036099995370023
synthetic_replay,1,0,protected_v,4,4.0,decode_seconds,0.001731000011204742
synthetic_replay,1,0,protected_v_lowrank,4,4.0,decode_seconds,0.0014804000093135983
synthetic_replay,1,0,full_kv,4,4.0,decode_seconds,0.0015318000077968463
